{"stats":{"minecraft:crafted":{"minecraft:crafting_table":1,"minecraft:spruce_planks":160,"minecraft:stick":8,"minecraft:wooden_pickaxe":1,"minecraft:stone_pickaxe":1,"minecraft:wooden_axe":2,"minecraft:furnace":1,"minecraft:stone_axe":1},"minecraft:dropped":{"minecraft:wheat_seeds":3,"alexsmobs:animal_dictionary":1,"minecraft:wooden_axe":1,"explorers_companion:gigantic_backpack":1,"minecraft:rotten_flesh":2,"explorers_companion:fabric_paraglider":1,"goblins_tyranny:goblins_tyranny_guide":1},"minecraft:mined":{"minecraft:large_fern":2,"minecraft:podzol":1,"minecraft:brown_mushroom":10,"minecraft:spruce_log":104,"minecraft:dead_bush":1,"minecraft:dirt":2,"minecraft:spruce_leaves":1,"minecraft:stone":22,"minecraft:fern":3},"minecraft:picked_up":{"minecraft:stick":2,"minecraft:brown_mushroom":7,"minecraft:spruce_sapling":16,"minecraft:spruce_log":104,"minecraft:dirt":3,"minecraft:rotten_flesh":2,"minecraft:wheat_seeds":3,"minecraft:bone_meal":1,"minecraft:cobblestone":22},"minecraft:used":{"minecraft:wooden_pickaxe":23,"minecraft:spruce_planks":13,"minecraft:spruce_sapling":16,"minecraft:stone_axe":4,"minecraft:dirt":3,"minecraft:crafting_table":1,"minecraft:furnace":1,"alexsmobs:animal_dictionary":1},"minecraft:killed":{"minecraft:zombie":1,"born_in_chaos_v1:restless_spirit":1,"born_in_chaos_v1:corpse_fish":1},"minecraft:custom":{"minecraft:time_since_rest":17360,"minecraft:interact_with_furnace":2,"minecraft:sprint_one_cm":21949,"minecraft:damage_taken":179,"minecraft:walk_one_cm":10375,"minecraft:mob_kills":3,"minecraft:drop":9,"minecraft:damage_dealt":555,"minecraft:interact_with_crafting_table":9,"minecraft:fly_one_cm":40983,"minecraft:crouch_one_cm":1444,"minecraft:play_time":17360,"minecraft:sneak_time":717,"minecraft:jump":187,"minecraft:leave_game":2,"minecraft:time_since_death":17360,"minecraft:total_world_time":17360,"minecraft:fall_one_cm":4213}},"DataVersion":3465}