{"stats":{"minecraft:crafted":{"minecraft:spruce_planks":100},"minecraft:mined":{"minecraft:podzol":1,"minecraft:spruce_log":89},"minecraft:picked_up":{"explorers_companion:gigantic_backpack":1,"minecraft:stick":8,"minecraft:spruce_sapling":18,"minecraft:spruce_log":89,"minecraft:dirt":1,"explorers_companion:fabric_paraglider":1},"minecraft:used":{"minecraft:spruce_planks":9,"minecraft:spruce_sapling":18},"minecraft:custom":{"minecraft:jump":43,"minecraft:time_since_rest":4684,"minecraft:walk_one_cm":4901,"minecraft:leave_game":3,"minecraft:play_time":4684,"minecraft:sprint_one_cm":5971,"minecraft:time_since_death":4684,"minecraft:total_world_time":4684,"minecraft:interact_with_crafting_table":3,"minecraft:fall_one_cm":418,"minecraft:fly_one_cm":4895}},"DataVersion":3465}